<?xml version="1.0" encoding="UTF-8"?>
<!DOCTYPE suite SYSTEM "https://testng.org/testng-1.0.dtd">
<suite name="Suite">
  <test name="Chrome testing">
	  <parameter name="browser" value="chrome"></parameter>
	  <classes>
		  <class name="TestNg.Test1">
			<!--   <methods>
				  <include name="testB"></include>
				  <exclude name="testA"></exclude>
			  </methods>   -->
		  </class>
	  </classes>
  </test> 
  
  <test name="IE testing">
	  <parameter name="browser" value="IE"></parameter>
	  <classes>
		  <class name="TestNg.Test1">
			<!--   <methods>
				  <include name="testB"></include>
				  <exclude name="testA"></exclude>
			  </methods>   -->
		  </class>
	  </classes>
  </test> 
  
</suite>
