<?xml version="1.0" encoding="UTF-8"?>
<!DOCTYPE suite SYSTEM "https://testng.org/testng-1.0.dtd">
<suite name="Suite">
  <test name="Demo">
	  <parameter name="browser" value="chrome"></parameter>
	 <!--  <groups>
		  <run>
			  <include name="smoke"></include>
			  <include name="Regression"></include>
		  </run>
	  </groups> -->
	  <classes>
		  <class name="TestNg.Assertions">
			<!--   <methods>
				  <include name="testB"></include>
				  <exclude name="testA"></exclude>
			  </methods>   -->
		  </class>
	  </classes>
  </test> 
</suite>
